User_ID,First_Name,Last_Name,Username,Password,Email,Address,NIC,Mobile,Registered_Date
,,,,,,,,,
1002,Michael,Johnson,Mjohnson,password3,michael.johnson@example.com,789 Pine Road,NIC456789,456789123,6/15/2024
1003,Emily,Jones,Ejones,password4,emily.jones@example.com,101 Maple Street,NIC123789,321654987,6/16/2024
1004,Chris,Brown,Cbrown,password5,chris.brown@example.com,202 Oak Avenue,NIC987654,654321987,6/17/2024
1005,Ashley,Davis,Adavis,password6,ashley.davis@example.com,303 Pine Road,NIC456123,789123456,6/18/2024
1006,David,Miller,Dmiller,password7,david.miller@example.com,404 Birch Lane,NIC789456,123987654,6/19/2024
1007,Sarah,Wilson,Swilson,password8,sarah.wilson@example.com,505 Elm Street,NIC654123,456123789,6/20/2024
1008,Daniel,Moore,Dmoore,password9,daniel.moore@example.com,606 Cedar Avenue,NIC321456,789654321,6/21/2024
1009,Amanda,Taylor,Ataylor,password10,amanda.taylor@example.com,707 Spruce Road,NIC987123,123654789,6/22/2024
1010,Matthew,Anderson,Manderson,password11,matthew.anderson@example.com,808 Willow Street,NIC456987,456789654,6/23/2024
1011,Megan,Thomas,Mthomas,password12,megan.thomas@example.com,909 Pine Avenue,NIC123987,789321456,6/24/2024
1012,Andrew,Jackson,Ajackson,password13,andrew.jackson@example.com,111 Maple Road,NIC987321,321456123,6/25/2024
1013,Laura,White,Lwhite,password14,laura.white@example.com,222 Oak Lane,NIC654789,654321123,6/26/2024
1014,Joshua,Harris,Jharris,password15,joshua.harris@example.com,333 Pine Street,NIC123654,987654123,6/27/2024
1015,Elizabeth,Martinez,Emartinez,password16,elizabeth.martinez@example.com,444 Birch Avenue,NIC456321,321789654,6/28/2024
1016,Justin,Clark,Jclark,password17,justin.clark@example.com,555 Elm Road,NIC789654,654123987,6/29/2024
1017,Jessica,Rodriguez,Jrodriguez,password18,jessica.rodriguez@example.com,666 Cedar Street,NIC321789,987321654,6/30/2024
1018,Robert,Lewis,Rlewis,password19,robert.lewis@example.com,777 Spruce Lane,NIC654321,123987456,7/1/2024
1019,Alyssa,Walker,Awalker,password20,alyssa.walker@example.com,888 Willow Avenue,NIC123456,456321789,7/2/2024
1020,James,Lee,Jlee,password21,james.lee@example.com,999 Maple Street,NIC789123,789654123,7/3/2024
1021,Olivia,Allen,Oallen,password22,olivia.allen@example.com,1010 Oak Avenue,NIC456789,321987456,7/4/2024
1022,Brandon,Young,Byoung,password23,brandon.young@example.com,2020 Pine Road,NIC987654,654789321,7/5/2024
1023,Emma,Hernandez,Ehernandez,password24,emma.hernandez@example.com,3030 Birch Lane,NIC321456,987654789,7/6/2024
1024,Ryan,King,Rking,password25,ryan.king@example.com,4040 Elm Street,NIC654123,123789456,7/7/2024
1025,Amy,Wright,Awright,password26,amy.wright@example.com,5050 Cedar Avenue,NIC987321,456987123,7/8/2024
1026,Eric,Lopez,Elopez,password27,eric.lopez@example.com,6060 Spruce Road,NIC123654,789321987,7/9/2024
1027,Heather,Scott,Hscott,password28,heather.scott@example.com,7070 Willow Street,NIC456987,321654789,7/10/2024
1028,Kyle,Green,Kgreen,password29,kyle.green@example.com,8080 Maple Avenue,NIC789321,654123456,7/11/2024
1029,Brianna,Adams,Badams,password30,brianna.adams@example.com,9090 Oak Lane,NIC123789,987321456,7/12/2024
1030,Nathan,Baker,Nbaker,password31,nathan.baker@example.com,1111 Pine Street,NIC456123,123654987,7/13/2024
1031,Rachel,Nelson,Rnelson,password32,rachel.nelson@example.com,2222 Birch Avenue,NIC789456,456321123,7/14/2024
1032,Tyler,Carter,Tcarter,password33,tyler.carter@example.com,3333 Elm Road,NIC123987,789654321,7/15/2024
1033,Anna,Mitchell,Amitchell,password34,anna.mitchell@example.com,4444 Cedar Street,NIC987654,321987123,7/16/2024
1034,Jordan,Perez,Jperez,password35,jordan.perez@example.com,5555 Spruce Lane,NIC456321,654789456,7/17/2024
1035,Laura,Roberts,Lroberts,password36,laura.roberts@example.com,6666 Willow Avenue,NIC789987,987456321,7/18/2024
1036,Evan,Rogers,Erogers,password37,evan.rogers@example.com,7777 Maple Street,NIC321654,123789321,7/19/2024
1037,Kaitlyn,Turner,Kturner,password38,kaitlyn.turner@example.com,8888 Oak Avenue,NIC654987,456123654,7/20/2024
1038,Jake,Phillips,Jphillips,password39,jake.phillips@example.com,9999 Pine Road,NIC987321,789987654,7/21/2024
1039,Alyssa,Campbell,Acampbell,password40,alyssa.campbell@example.com,10101 Birch Lane,NIC321789,321456987,7/22/2024
1040,Sean,Bell,Sbell,password41,sean.bell@example.com,20202 Cedar Road,NIC456654,654321987,7/23/2024
1041,Nicole,Price,Nprice,password42,nicole.price@example.com,30303 Spruce Street,NIC123321,789654987,7/24/2024
1042,Ethan,Howard,Ehoward,password43,ethan.howard@example.com,40404 Maple Avenue,NIC654987,123789654,7/25/2024
1043,Madison,Ward,Mward,password44,madison.ward@example.com,50505 Oak Lane,NIC321123,456987654,7/26/2024
1044,Brian,Cooper,Bcooper,password45,brian.cooper@example.com,60606 Pine Road,NIC987456,789123321,7/27/2024
1045,Sophie,Peterson,Speterson,password46,sophie.peterson@example.com,70707 Birch Street,NIC456321,321654123,7/28/2024
1046,Zachary,Reed,Zreed,password47,zachary.reed@example.com,80808 Elm Avenue,NIC123456,654789987,7/29/2024
1047,Grace,Bailey,Gbailey,password48,grace.bailey@example.com,90909 Cedar Lane,NIC789654,987321789,7/30/2024
1048,Kevin,Morris,Kmorris,password49,kevin.morris@example.com,101010 Spruce Road,NIC654123,123456987,7/31/2024
1049,Isabella,Clark,Iclark,password50,isabella.clark@example.com,111111 Maple Street,NIC321789,456123321,8/1/2024
1050,Tyler,Robinson,Trobinson,password51,tyler.robinson@example.com,202020 Oak Lane,NIC987654,789987321,8/2/2024
1051,Alexis,Garcia,Agarcia,password52,alexis.garcia@example.com,303030 Pine Road,NIC123321,456789987,8/3/2024
1052,Ryan,Young,Ryoung,password53,ryan.young@example.com,404040 Cedar Avenue,NIC456789,123654321,8/4/2024
1053,Samantha,Harris,Sharris,password54,samantha.harris@example.com,505050 Elm Street,NIC789321,321987123,8/5/2024
1054,Austin,Clark,Aclark,password55,austin.clark@example.com,606060 Spruce Road,NIC123456,654789123,8/6/2024
1055,Chloe,Martinez,Cmartinez,password56,chloe.martinez@example.com,707070 Maple Avenue,NIC456123,987654789,8/7/2024
1056,Kevin,Allen,Kallen,password57,kevin.allen@example.com,808080 Oak Street,NIC789987,321456789,8/8/2024
1057,Rebecca,Hernandez,Rhernandez,password58,rebecca.hernandez@example.com,909090 Pine Lane,NIC123654,456789321,8/9/2024
1058,Aaron,White,Awhite,password59,aaron.white@example.com,101010 Cedar Road,NIC456321,654987123,8/10/2024
1059,Victoria,Smith,Vsmith,password60,victoria.smith@example.com,111111 Elm Avenue,NIC789654,987123654,8/11/2024
1060,Brian,Jackson,Bjackson,password61,brian.jackson@example.com,202020 Spruce Street,NIC123456,321789987,8/12/2024
1061,Jessica,Lee,Jlee,password62,jessica.lee@example.com,303030 Maple Lane,NIC456789,654321789,8/13/2024
1062,David,Perez,Dperez,password63,david.perez@example.com,404040 Pine Avenue,NIC789123,123987654,8/14/2024
1063,Sophia,Green,Sgreen,password64,sophia.green@example.com,505050 Birch Road,NIC123321,987654321,8/15/2024
1064,Ethan,Lopez,Elopez,password65,ethan.lopez@example.com,606060 Oak Lane,NIC456123,321654987,8/16/2024
1065,Lily,Thomas,Lthomas,password66,lily.thomas@example.com,707070 Cedar Street,NIC789456,654987321,8/17/2024
1066,Brandon,Moore,Bmoore,password67,brandon.moore@example.com,808080 Elm Avenue,NIC123789,987321654,8/18/2024
1067,Olivia,Anderson,Oanderson,password68,olivia.anderson@example.com,909090 Pine Road,NIC456654,321123789,8/19/2024
1068,James,Wilson,Jwilson,password69,james.wilson@example.com,101010 Maple Street,NIC789321,654789987,8/20/2024
1069,Ella,Johnson,Ejohnson,password70,ella.johnson@example.com,111111 Oak Avenue,NIC123654,123654321,8/21/2024
1070,Nicholas,Martinez,Nmartinez,password71,nicholas.martinez@example.com,202020 Birch Lane,NIC456123,456987123,8/22/2024
1071,Emily,White,Ewhite,password72,emily.white@example.com,303030 Cedar Avenue,NIC789654,789321987,8/23/2024
1072,Joshua,Moore,Jmoore,password73,joshua.moore@example.com,404040 Elm Street,NIC123321,321456123,8/24/2024
1073,Hannah,Garcia,Hgarcia,password74,hannah.garcia@example.com,505050 Pine Road,NIC456987,654789321,8/25/2024
1074,Jacob,Brown,Jbrown,password75,jacob.brown@example.com,606060 Spruce Avenue,NIC789123,987654789,8/26/2024
1075,Isabella,Lee,Ilee,password76,isabella.lee@example.com,707070 Maple Lane,NIC123456,321987654,8/27/2024
1076,Tyler,Davis,Tdavis,password77,tyler.davis@example.com,808080 Oak Road,NIC456321,654321456,8/28/2024
1077,Sarah,Martinez,Smartinez,password78,sarah.martinez@example.com,909090 Cedar Avenue,NIC789987,123654789,8/29/2024
1078,Ryan,Clark,Rclark,password79,ryan.clark@example.com,101010 Pine Street,NIC123789,456123654,8/30/2024
1079,Lily,Hernandez,Lhernandez,password80,lily.hernandez@example.com,111111 Birch Road,NIC456789,789654123,8/31/2024
1080,Michael,Lopez,Mlopez,password81,michael.lopez@example.com,202020 Elm Avenue,NIC789654,321123987,9/1/2024
1081,Emily,Allen,Eallen,password82,emily.allen@example.com,303030 Spruce Lane,NIC123654,654789987,9/2/2024
1082,Matthew,Williams,Mwilliams,password83,matthew.williams@example.com,404040 Maple Street,NIC456123,987321456,9/3/2024
1083,Chloe,Smith,Csmith,password84,chloe.smith@example.com,505050 Oak Avenue,NIC789321,321987123,9/4/2024
1084,Daniel,Miller,Dmiller,password85,daniel.miller@example.com,606060 Cedar Road,NIC123456,654123789,9/5/2024
1085,Olivia,Wilson,Owilson,password86,olivia.wilson@example.com,707070 Pine Lane,NIC456987,987654321,9/6/2024
1086,Jacob,Moore,Jmoore,password87,jacob.moore@example.com,808080 Maple Road,NIC789456,123321654,9/7/2024
1087,Isabella,Martinez,Imartinez,password88,isabella.martinez@example.com,909090 Elm Street,NIC123789,654987321,9/8/2024
1088,Emily,White,Ewhite,password89,emily.white@example.com,101010 Spruce Avenue,NIC456321,987123654,9/9/2024
1089,James,Anderson,Janderson,password90,james.anderson@example.com,111111 Oak Lane,NIC789654,321456987,9/10/2024
1090,Olivia,Jones,Ojones,password91,olivia.jones@example.com,202020 Birch Road,NIC123456,654789123,9/11/2024
1091,Michael,Martinez,Mmartinez,password92,michael.martinez@example.com,303030 Cedar Avenue,NIC456123,987654987,9/12/2024
1092,Emily,Garcia,Egarcia,password93,emily.garcia@example.com,404040 Pine Street,NIC789321,321123789,9/13/2024
1093,Sarah,Williams,Swilliams,password94,sarah.williams@example.com,505050 Maple Lane,NIC123654,654987123,9/14/2024
1094,Ryan,Clark,Rclark,password95,ryan.clark@example.com,606060 Oak Avenue,NIC456789,987321456,9/15/2024
1095,Hannah,Martinez,Hmartinez,password96,hannah.martinez@example.com,707070 Cedar Road,NIC789123,321987654,9/16/2024
1096,Michael,Johnson,Mjohnson,password97,michael.johnson@example.com,808080 Elm Street,NIC123321,654123987,9/17/2024
1097,Chloe,Smith,Csmith,password98,chloe.smith@example.com,909090 Spruce Lane,NIC456123,987654321,9/18/2024
1098,Emily,Williams,Ewilliams,password99,emily.williams@example.com,101010 Maple Avenue,NIC789654,321789456,9/19/2024
1099,Matthew,Jones,Mjones,password100,matthew.jones@example.com,111111 Oak Street,NIC123456,654321123,9/20/2024
1100,Olivia,Wilson,Owilson,password101,olivia.wilson@example.com,202020 Birch Lane,NIC456123,987123456,9/21/2024
1101,John,Wright,Jwright,password102,john.wright@example.com,535353 Pine Lane,NIC901234,901234567,9/22/2024
1102,Autumn,Reyes,Areyes,password103,autumn.reyes@example.com,545454 Elm Avenue,NIC012345,012345678,9/23/2024
1103,Austin,Morris,Amorris,password104,austin.morris@example.com,555555 Cedar Road,NIC123456,123456789,9/24/2024
1104,Amelia,Hall,Ahall,password105,amelia.hall@example.com,565656 Spruce Street,NIC234567,234567890,9/25/2024
1105,Nolan,Ward,Nward,password106,nolan.ward@example.com,575757 Willow Lane,NIC345678,345678901,9/26/2024
1106,Arianna,Garcia,Agarcia,password107,arianna.garcia@example.com,585858 Maple Road,NIC456789,456789012,9/27/2024
1107,Jaxon,Young,Jyoung,password108,jaxon.young@example.com,595959 Oak Street,NIC567890,567890123,9/28/2024
1108,Ella,Collins,Ecollins,password109,ella.collins@example.com,606060 Pine Lane,NIC678901,678901234,9/29/2024
1109,Maxwell,Perez,Mperez,password110,maxwell.perez@example.com,616161 Elm Avenue,NIC789012,789012345,9/30/2024
1110,Isabelle,Gonzalez,Igonzalez,password111,isabelle.gonzalez@example.com,626262 Cedar Road,NIC890123,890123456,10/1/2024
1111,Tristan,Martin,Tmartin,password112,tristan.martin@example.com,636363 Spruce Street,NIC901234,901234567,10/2/2024
1112,Sophie,Cooper,Scooper,password113,sophie.cooper@example.com,646464 Willow Lane,NIC012345,012345678,10/3/2024
1113,Harrison,Kelly,Hkelly,password114,harrison.kelly@example.com,656565 Maple Road,NIC123456,123456789,10/4/2024
1114,Lyla,Howard,Lhoward,password115,lyla.howard@example.com,666666 Oak Street,NIC234567,234567890,10/5/2024
1115,Carter,Ramirez,Cramirez,password116,carter.ramirez@example.com,676767 Pine Lane,NIC345678,345678901,10/6/2024
1116,Adeline,Brooks,Abrooks,password117,adeline.brooks@example.com,686868 Elm Avenue,NIC456789,456789012,10/7/2024
1117,Blake,Ross,Bross,password118,blake.ross@example.com,696969 Cedar Road,NIC567890,567890123,10/8/2024
1118,Penelope,Stewart,Pstewart,password119,penelope.stewart@example.com,707070 Spruce Street,NIC678901,678901234,10/9/2024
1119,Wyatt,Bailey,Wbailey,password120,wyatt.bailey@example.com,717171 Willow Lane,NIC789012,789012345,10/10/2024
1120,Clara,Reyes,Creyes,password121,clara.reyes@example.com,727272 Maple Road,NIC890123,890123456,10/11/2024
1121,Julian,Gonzalez,Jgonzalez,password122,julian.gonzalez@example.com,737373 Oak Street,NIC901234,901234567,10/12/2024
1122,Hazel,Hill,Hhill,password123,hazel.hill@example.com,747474 Pine Lane,NIC012345,012345678,10/13/2024
1123,Lincoln,Scott,Lscott,password124,lincoln.scott@example.com,757575 Elm Avenue,NIC123456,123456789,10/14/2024
1124,Lucy,Butler,Lbutler,password125,lucy.butler@example.com,767676 Cedar Road,NIC234567,234567890,10/15/2024
1125,Gabriel,Adams,Gadams,password126,gabriel.adams@example.com,777777 Spruce Street,NIC345678,345678901,10/16/2024
1126,Autumn,Hall,Ahall,password127,autumn.hall@example.com,787878 Willow Lane,NIC456789,456789012,10/17/2024
1127,Owen,Hughes,Ohughes,password128,owen.hughes@example.com,797979 Maple Road,NIC567890,567890123,10/18/2024
1128,Ava,Morgan,Amorgan,password129,ava.morgan@example.com,808080 Oak Street,NIC678901,678901234,10/19/2024
1129,Jaxson,Reyes,Jreyes,password130,jaxson.reyes@example.com,818181 Pine Lane,NIC789012,789012345,10/20/2024
1130,Eliza,Wilson,Ewilson,password131,eliza.wilson@example.com,828282 Elm Avenue,NIC890123,890123456,10/21/2024
1131,Nathan,Hall,Nhall,password132,nathan.hall@example.com,838383 Cedar Road,NIC901234,901234567,10/22/2024
1132,Avery,Lopez,Alopez,password133,avery.lopez@example.com,848484 Spruce Street,NIC012345,012345678,10/23/2024
1133,Juliette,Kelly,Jkelly,password134,juliette.kelly@example.com,858585 Willow Lane,NIC123456,123456789,10/24/2024
1134,Ezekiel,Martin,Emartin,password135,ezekiel.martin@example.com,868686 Maple Road,NIC234567,234567890,10/25/2024
1135,Audrey,Bailey,Abailey,password136,audrey.bailey@example.com,878787 Oak Street,NIC345678,345678901,10/26/2024
1136,Liam,Ross,Lross,password137,liam.ross@example.com,888888 Pine Lane,NIC456789,456789012,10/27/2024
1137,Emery,Stewart,Estewart,password138,emery.stewart@example.com,898989 Elm Avenue,NIC567890,567890123,10/28/2024
1138,Mila,Gonzalez,Mgonzalez,password139,mila.gonzalez@example.com,909090 Cedar Road,NIC678901,678901234,10/29/2024
1139,Hudson,Cooper,Hcooper,password140,hudson.cooper@example.com,919191 Spruce Street,NIC789012,789012345,10/30/2024
1140,Ella,Ward,Eward,password141,ella.ward@example.com,929292 Willow Lane,NIC890123,890123456,10/31/2024
1141,Grayson,Bailey,Gbailey,password142,grayson.bailey@example.com,939393 Maple Road,NIC901234,901234567,11/1/2024
1142,Lily,Morgan,Lmorgan,password143,lily.morgan@example.com,949494 Oak Street,NIC012345,012345678,11/2/2024
1143,Easton,Reyes,Ereyes,password144,easton.reyes@example.com,959595 Pine Lane,NIC123456,123456789,11/3/2024
1144,Aubrey,Hughes,Ahughes,password145,aubrey.hughes@example.com,969696 Elm Avenue,NIC234567,234567890,11/4/2024
1145,Lincoln,Wilson,Lwilson,password146,lincoln.wilson@example.com,979797 Cedar Road,NIC345678,345678901,11/5/2024
1146,Clara,Garcia,Cgarcia,password147,clara.garcia@example.com,989898 Spruce Street,NIC456789,456789012,11/6/2024
1147,James,Martin,Jmartin,password148,james.martin@example.com,999999 Willow Lane,NIC567890,567890123,11/7/2024
1148,Mila,Bailey,Mbailey,password149,mila.bailey@example.com,10101010 Maple Road,NIC678901,678901234,11/8/2024
1149,Leo,Reyes,Lreyes,password150,leo.reyes@example.com,10210210 Oak Street,NIC789012,789012345,11/9/2024
1150,Emma,Hughes,Ehughes,password151,emma.hughes@example.com,10310310 Pine Lane,NIC890123,890123456,11/10/2024
